ID_Cliente_ou_Indice_Teste,Score_Risco_Churn,Classe_Predita_Churn,Classe_Real_Churn
714523383,0.08666666666666667,0,0
708911508,0.09,0,0
713025558,0.9266666666666666,1,1
715029333,0.013333333333333334,0,0
717085983,0.023333333333333334,0,0
771400608,0.02,0,0
818294958,0.05,0,0
720076458,0.27,0,0
710475408,0.03,0,0
772640808,0.006666666666666667,0,0
714536208,0.01,0,0
719391783,0.016666666666666666,0,0
805261983,0.05333333333333334,0,0
717776808,0.32666666666666666,0,0
772216833,0.0033333333333333335,0,0
716311683,0.03666666666666667,0,0
714407058,0.03666666666666667,0,0
771471708,0.006666666666666667,0,0
713967783,0.01,0,0
717060858,0.5633333333333334,1,1
714919308,0.79,1,1
712011633,0.016666666666666666,0,0
708753633,0.02,0,0
787532808,0.14666666666666667,0,0
778231983,0.03666666666666667,0,0
717975333,0.25333333333333335,0,0
811721133,0.17,0,0
714321408,0.02666666666666667,0,0
711978858,0.01,0,0
779210283,0.07333333333333333,0,0
812449758,0.9733333333333334,1,1
719474583,0.33666666666666667,0,0
710989008,0.04,0,0
778439883,0.043333333333333335,0,0
720597108,0.4633333333333333,0,1
755953308,0.08666666666666667,0,0
719536608,0.0033333333333333335,0,0
814086333,0.11,0,0
826079508,0.016666666666666666,0,0
719854008,0.11,0,0
717823383,0.013333333333333334,0,0
789903708,0.01,0,0
721145433,0.006666666666666667,0,0
721062408,0.2633333333333333,0,0
720781158,0.06666666666666667,0,0
713580633,0.35,0,0
771886233,0.12666666666666668,0,0
715378383,0.10333333333333333,0,0
803652633,0.0,0,0
804847308,0.08333333333333333,0,0
715007583,0.09,0,0
711648708,0.023333333333333334,0,0
789241308,0.9733333333333334,1,1
717444558,0.0,0,0
713476758,0.0033333333333333335,0,0
788911458,0.04,0,0
708303108,0.0033333333333333335,0,0
709479558,0.023333333333333334,0,0
779342958,0.03666666666666667,0,0
710770383,0.02,0,0
716096358,0.03333333333333333,0,0
780373233,0.0,0,0
744307008,0.03,0,0
716404383,0.75,1,1
778430733,0.1,0,0
713579733,0.02666666666666667,0,0
714581358,0.9966666666666667,1,1
708123033,0.12666666666666668,0,0
720659283,0.23333333333333334,0,0
710268858,0.006666666666666667,0,0
794562783,0.17666666666666667,0,0
708469533,0.0033333333333333335,0,0
715941633,0.03333333333333333,0,0
721233033,0.9366666666666666,1,1
712091433,0.08333333333333333,0,0
718178583,0.0,0,0
808753758,0.006666666666666667,0,0
709230708,0.22,0,0
712515558,0.02,0,0
710507733,0.02,0,0
811571733,0.18,0,0
721171008,0.0033333333333333335,0,0
793379058,0.0,0,0
711008508,0.11,0,0
718957083,0.0033333333333333335,0,0
711388458,0.03666666666666667,0,0
712660308,1.0,1,1
718146258,0.07,0,0
793412958,0.0,0,0
815596608,0.0,0,0
714971583,0.013333333333333334,0,0
748503708,0.23333333333333334,0,0
717195933,0.9866666666666667,1,1
719385558,0.14666666666666667,0,0
721115733,0.0,0,0
714435408,0.17666666666666667,0,0
817144458,0.06333333333333334,0,0
715572783,0.0033333333333333335,0,0
828285858,0.0033333333333333335,0,0
711647808,0.0,0,0
717443658,0.016666666666666666,0,0
717915783,0.27666666666666667,0,1
821150958,0.013333333333333334,0,0
720198183,0.03,0,0
789939558,0.0033333333333333335,0,0
790017858,0.013333333333333334,0,0
718751133,0.11,0,0
714081558,0.06,0,0
718328283,0.0,0,0
718320933,0.05,0,0
780374133,0.06,0,0
779405133,0.01,0,0
778574283,0.3433333333333333,0,0
714602658,0.99,1,1
793636308,0.51,1,0
770647233,0.16,0,0
710289783,0.61,1,1
710872233,0.24,0,0
716513358,0.0,0,0
780497958,0.043333333333333335,0,0
713133258,0.06666666666666667,0,0
717683583,0.08666666666666667,0,0
772706283,0.08,0,0
721181883,0.22,0,0
711838008,0.6333333333333333,1,1
778747608,0.20333333333333334,0,0
716368008,0.5866666666666667,1,1
789540108,0.013333333333333334,0,0
714503433,0.97,1,1
711557508,0.016666666666666666,0,0
721500108,0.47333333333333333,0,0
825811158,0.01,0,0
712643358,0.01,0,0
713782608,0.006666666666666667,0,0
795784008,0.69,1,1
716768808,0.07333333333333333,0,0
711968358,0.0033333333333333335,0,0
711089733,0.48333333333333334,0,0
779548008,0.4666666666666667,0,0
794496033,0.05333333333333334,0,0
709477233,0.0,0,0
781297983,0.02,0,0
711577458,0.0,0,0
710570058,0.9966666666666667,1,1
780237033,0.11333333333333333,0,0
713111883,0.006666666666666667,0,0
719538183,0.10666666666666667,0,0
719420883,0.9933333333333333,1,1
809825358,0.03333333333333333,0,0
712674183,0.23,0,0
714967233,0.87,1,1
716939358,0.36333333333333334,0,0
799486158,0.01,0,0
715222533,0.8866666666666667,1,1
793015083,0.0033333333333333335,0,0
711784908,0.0033333333333333335,0,0
721305408,0.006666666666666667,0,0
720662508,0.07333333333333333,0,0
708553008,0.08666666666666667,0,0
709169133,0.023333333333333334,0,0
709523508,0.056666666666666664,0,0
719449533,0.9333333333333333,1,1
714397983,0.06666666666666667,0,0
715369008,0.056666666666666664,0,0
720827133,0.73,1,1
719519058,0.9866666666666667,1,1
793608258,0.91,1,1
778399008,0.75,1,0
780201633,0.44,0,1
780653208,0.17,0,0
713798958,0.0,0,0
717890583,0.0,0,0
713396358,0.05333333333333334,0,0
789530208,0.33666666666666667,0,0
720551733,0.8366666666666667,1,1
781073733,0.23666666666666666,0,0
713188383,0.11666666666666667,0,0
714091983,0.13666666666666666,0,0
720190083,1.0,1,1
712027683,0.08333333333333333,0,0
771228183,0.16666666666666666,0,0
798035358,0.19333333333333333,0,0
813338733,0.0,0,0
821837958,0.023333333333333334,0,0
789494133,0.11333333333333333,0,0
713254983,0.056666666666666664,0,0
719855958,0.05,0,0
808681158,0.30666666666666664,0,0
717359208,0.056666666666666664,0,0
713790708,0.08666666666666667,0,0
716999883,0.1,0,0
712914783,0.0033333333333333335,0,0
780657708,0.04666666666666667,0,0
756639708,0.07,0,0
771783333,0.59,1,1
780095808,0.19333333333333333,0,0
718866633,0.44666666666666666,0,0
712411908,0.10333333333333333,0,0
779707308,0.03,0,0
712979133,0.6233333333333333,1,1
720247158,0.13,0,0
801715383,0.8566666666666667,1,1
710188308,0.0,0,0
715008858,0.02,0,0
717990183,0.04666666666666667,0,0
789304983,0.03333333333333333,0,0
717382608,0.06,0,0
780143283,0.87,1,1
784868958,0.023333333333333334,0,0
721349883,0.14333333333333334,0,0
718958583,0.09,0,1
778643733,0.36333333333333334,0,1
720413658,0.013333333333333334,0,0
814593858,0.043333333333333335,0,0
762020133,0.9466666666666667,1,1
759584958,0.5266666666666666,1,1
708712833,0.013333333333333334,0,0
717491058,0.16333333333333333,0,0
790082508,0.02666666666666667,0,0
711153783,0.043333333333333335,0,0
719722308,0.07333333333333333,0,0
709485033,0.03666666666666667,0,0
767753958,0.10333333333333333,0,0
718308558,0.05,0,0
765731433,0.06,0,0
716171358,0.013333333333333334,0,0
719038008,0.6566666666666666,1,0
712642533,0.013333333333333334,0,0
709288383,0.07,0,0
710106933,0.05,0,0
712801758,0.06666666666666667,0,0
720216108,0.15,0,0
814571058,0.1,0,0
709752183,0.09666666666666666,0,0
715503558,0.10333333333333333,0,0
716138958,0.013333333333333334,0,0
826068183,0.10333333333333333,0,0
708902883,0.38333333333333336,0,0
716950758,0.8966666666666666,1,1
709701558,0.29,0,0
709372608,0.03666666666666667,0,0
719118708,0.5166666666666667,1,1
718623783,0.08,0,0
709044183,0.3433333333333333,0,0
719523108,0.11666666666666667,0,0
708888633,0.7,1,1
788633733,0.03,0,0
709937583,0.0,0,0
769438608,0.8633333333333333,1,1
713104458,0.9266666666666666,1,1
708928908,0.09333333333333334,0,0
713435058,0.0033333333333333335,0,0
709410033,0.03,0,0
778894233,0.43333333333333335,0,0
716251608,0.006666666666666667,0,0
717182883,0.01,0,0
820651908,0.11666666666666667,0,0
716996583,0.016666666666666666,0,0
708761733,0.08666666666666667,0,0
717189183,0.05,0,0
794581533,0.0,0,0
720415833,0.01,0,0
799717458,0.0033333333333333335,0,0
709986633,0.43333333333333335,0,0
718108758,0.0,0,0
794675058,0.12,0,1
709938708,0.02,0,0
718140783,0.023333333333333334,0,0
778573233,0.05333333333333334,0,0
719739108,0.3,0,0
711122958,0.7566666666666667,1,1
714618333,0.17333333333333334,0,0
716366208,0.22333333333333333,0,0
711017433,0.043333333333333335,0,0
711593808,0.7633333333333333,1,1
779296908,0.04666666666666667,0,0
789407958,0.023333333333333334,0,0
708403308,0.04666666666666667,0,0
718846008,0.02666666666666667,0,0
788966958,0.013333333333333334,0,0
779521533,0.043333333333333335,0,0
715241583,0.21,0,0
817142433,0.13333333333333333,0,0
712288158,0.043333333333333335,0,0
716831508,0.02666666666666667,0,0
809068983,0.06666666666666667,0,0
716586408,0.01,0,0
719091333,0.3566666666666667,0,0
714960408,0.8666666666666667,1,1
712637283,0.0033333333333333335,0,0
720248208,0.11,0,0
709823733,0.7,1,1
713879283,0.04666666666666667,0,0
721163133,0.46,0,0
771081558,0.05,0,0
710702733,0.15333333333333332,0,0
710723958,0.06666666666666667,0,0
766821033,0.48,0,1
709007883,0.0033333333333333335,0,0
719452308,0.08,0,0
802668333,0.79,1,1
712267983,0.8333333333333334,1,1
713639958,0.10333333333333333,0,0
768563658,0.01,0,0
717400533,0.02,0,0
719634408,0.22333333333333333,0,0
772073508,0.99,1,1
789804933,0.03666666666666667,0,0
712060158,0.04666666666666667,0,0
712977183,0.06333333333333334,0,0
714228558,0.056666666666666664,0,0
715413483,0.006666666666666667,0,0
757594083,0.1,0,0
709257708,0.0033333333333333335,0,0
819109308,0.12,0,0
806989008,0.0,0,0
714211533,0.35333333333333333,0,0
713172408,0.12666666666666668,0,0
721210158,0.07,0,0
789122808,0.9966666666666667,1,1
719268333,0.0033333333333333335,0,0
709453833,0.01,0,0
714046608,0.016666666666666666,0,0
709649958,0.88,1,1
785515533,0.043333333333333335,0,0
719531133,0.006666666666666667,0,0
779773533,0.07333333333333333,0,0
710310108,0.0,0,0
818901708,0.0,0,0
716222808,0.01,0,0
719484408,0.056666666666666664,0,0
758824608,0.016666666666666666,0,0
714121983,0.0,0,0
710638233,0.39,0,1
768949983,0.01,0,0
823578483,0.04666666666666667,0,0
716277558,0.20333333333333334,0,0
811700058,0.8666666666666667,1,1
806914158,0.9366666666666666,1,1
718286658,0.03333333333333333,0,0
772437633,0.02666666666666667,0,0
717203958,0.05333333333333334,0,0
719265108,0.01,0,0
709449333,0.01,0,0
816315558,0.01,0,0
782548758,0.02,0,0
712612233,0.21333333333333335,0,0
788808633,0.08333333333333333,0,0
708269583,0.0033333333333333335,0,0
716045508,0.013333333333333334,0,0
721448283,0.6433333333333333,1,1
720034983,0.22333333333333333,0,0
790123983,0.0033333333333333335,0,0
708953883,0.8833333333333333,1,1
712181658,0.0033333333333333335,0,0
713639058,0.58,1,1
718244958,0.14333333333333334,0,0
711676008,0.02666666666666667,0,0
711873033,0.6766666666666666,1,1
714230808,0.006666666666666667,0,0
718435158,0.48,0,0
797743233,0.06333333333333334,0,0
778968408,0.37333333333333335,0,0
717995958,0.03,0,0
711240108,0.13,0,0
718263108,0.78,1,1
710763783,0.15333333333333332,0,0
714940608,0.20666666666666667,0,0
771669183,0.04,0,0
779340183,0.0033333333333333335,0,0
789097833,0.03,0,0
711112683,0.03333333333333333,0,0
711957708,0.04,0,0
711402333,0.56,1,0
812501358,0.04,0,0
710706558,0.21666666666666667,0,0
771431133,0.006666666666666667,0,0
711750183,0.08666666666666667,0,0
793597833,0.03333333333333333,0,0
778242708,0.04,0,0
779942808,0.03,0,0
715533108,0.043333333333333335,0,0
778708533,0.7966666666666666,1,1
779895108,0.17666666666666667,0,0
771903033,0.043333333333333335,0,0
787539333,0.08666666666666667,0,0
798546408,0.02666666666666667,0,0
778284783,0.0,0,0
720654183,0.9333333333333333,1,1
719207733,0.07,0,0
712470033,0.08333333333333333,0,0
721055058,0.06333333333333334,0,0
721434483,0.08333333333333333,0,0
720348933,0.05,0,0
717755058,0.0033333333333333335,0,0
709624533,0.09333333333333334,0,0
719583558,0.04,0,0
717260058,0.02666666666666667,0,0
716951658,0.006666666666666667,0,0
715554708,0.0,0,0
820353558,0.04666666666666667,0,0
709008708,0.1,0,0
717429258,0.97,1,1
712410858,0.0,0,0
711720408,0.01,0,0
715848408,0.49,0,0
772565883,0.16,0,0
718477983,0.0033333333333333335,0,0
714406158,0.9733333333333334,1,1
709738008,0.02,0,0
713693958,0.5533333333333333,1,0
778172583,0.07333333333333333,0,0
710229333,0.08333333333333333,0,0
708212658,0.10333333333333333,0,0
716860233,0.0,0,0
709213458,0.7466666666666667,1,1
719089383,0.06,0,0
718025808,0.19333333333333333,0,0
710797833,0.006666666666666667,0,0
711173058,0.023333333333333334,0,0
719192808,0.01,0,0
716604633,0.043333333333333335,0,0
712516608,0.056666666666666664,0,0
720510333,0.0,0,0
771075258,0.6733333333333333,1,0
714938733,0.7066666666666667,1,1
716574033,0.0,0,0
789582483,0.02,0,0
708396033,0.01,0,0
709666908,0.0,0,0
720437358,0.03333333333333333,0,0
817988433,0.02,0,0
708104658,0.13666666666666666,0,0
719816583,0.7366666666666667,1,1
771051783,0.07666666666666666,0,0
714247458,0.04666666666666667,0,0
754671558,0.21333333333333335,0,0
713246208,0.15,0,0
713850783,0.06666666666666667,0,0
712965183,0.07666666666666666,0,0
714878508,0.9,1,0
822127008,0.043333333333333335,0,0
755212608,0.6933333333333334,1,1
710968008,0.02,0,0
817188408,0.0033333333333333335,0,0
710067183,0.11333333333333333,0,0
716460933,0.07666666666666666,0,0
789398733,0.01,0,0
719136183,0.0,0,0
708788583,0.4533333333333333,0,1
714425283,0.17333333333333334,0,0
711113958,0.15,0,0
720419358,0.006666666666666667,0,0
716988633,0.16,0,0
779811183,0.03,0,0
718586133,0.006666666666666667,0,0
787505133,0.7333333333333333,1,1
790108908,0.16333333333333333,0,0
716285358,0.10666666666666667,0,0
715519983,0.06666666666666667,0,0
718496283,0.09666666666666666,0,0
713287608,0.14,0,0
709952658,0.13666666666666666,0,0
717972408,0.016666666666666666,0,0
720724008,0.03,0,0
720735408,0.02,0,0
772468983,0.11666666666666667,0,0
721072908,0.016666666666666666,0,0
773155533,0.016666666666666666,0,0
710838108,0.06,0,0
770632758,0.5933333333333334,1,0
721424583,0.006666666666666667,0,0
720612333,0.9266666666666666,1,1
720973833,0.30333333333333334,0,0
826717533,0.01,0,0
718951683,0.006666666666666667,0,0
789231858,0.03666666666666667,0,0
787565433,0.14,0,0
715041333,0.24666666666666667,0,0
711252258,0.4033333333333333,0,0
712899333,0.23,0,0
787723758,0.0033333333333333335,0,0
711370458,0.02,0,0
719898108,0.05,0,0
710754933,0.5266666666666666,1,1
820848408,0.0033333333333333335,0,0
708931908,0.44333333333333336,0,0
708498033,0.78,1,1
709996833,0.7233333333333334,1,1
768212583,0.12666666666666668,0,0
789485433,0.19666666666666666,0,0
718665933,0.08,0,0
716780283,0.02,0,0
780054258,0.3933333333333333,0,0
718632933,0.08,0,0
709473708,0.023333333333333334,0,0
826245858,0.7666666666666667,1,1
712071708,0.08666666666666667,0,0
720897783,0.13333333333333333,0,0
721164483,0.0033333333333333335,0,0
711516783,0.0,0,0
810986883,0.0,0,0
772323033,0.0,0,0
779400183,0.39666666666666667,0,0
720205608,0.03333333333333333,0,0
769892058,0.05333333333333334,0,0
797638383,0.01,0,0
713696808,0.78,1,1
779327733,0.0033333333333333335,0,0
708245808,0.03666666666666667,0,0
717030633,0.22666666666666666,0,0
789594108,0.016666666666666666,0,0
794485158,0.03333333333333333,0,0
708642708,0.8466666666666667,1,1
816476658,0.8533333333333334,1,1
789185508,0.0,0,0
713241033,0.02666666666666667,0,0
789151983,0.01,0,0
715174158,0.056666666666666664,0,0
708254733,0.006666666666666667,0,0
788896983,0.01,0,0
804344733,0.0,0,0
714250908,0.3566666666666667,0,1
711069483,0.0033333333333333335,0,0
809320908,0.043333333333333335,0,0
771682533,0.016666666666666666,0,0
717585858,0.09,0,0
772202058,0.08333333333333333,0,0
779330208,0.08666666666666667,0,0
712721358,0.8966666666666666,1,1
712955433,0.05,0,0
708670608,0.013333333333333334,0,0
709170108,0.87,1,1
718291233,0.016666666666666666,0,0
793616883,0.01,0,0
710462433,0.013333333333333334,0,0
795573333,0.01,0,0
708543258,0.04666666666666667,0,0
716107158,0.5866666666666667,1,1
717797658,0.0,0,0
712545183,0.013333333333333334,0,0
713181558,0.06333333333333334,0,0
713916708,0.056666666666666664,0,0
709346133,0.056666666666666664,0,0
711242058,0.8066666666666666,1,1
712423233,0.02666666666666667,0,0
803421108,0.07666666666666666,0,0
716645883,0.02666666666666667,0,0
803805483,0.23333333333333334,0,0
769578858,0.03,0,0
781013958,0.023333333333333334,0,0
715870758,0.14,0,0
716546283,0.0033333333333333335,0,0
714574083,0.51,1,0
708867408,0.23333333333333334,0,1
709513458,0.07333333333333333,0,0
717446208,0.01,0,0
708680583,0.01,0,0
789218433,0.016666666666666666,0,0
712532058,0.0033333333333333335,0,0
772000533,0.24333333333333335,0,0
708158133,0.68,1,1
711164508,0.11666666666666667,0,0
711992133,0.0,0,0
713905608,0.08,0,0
816756783,0.05,0,0
814459833,0.8733333333333333,1,0
797241108,0.0033333333333333335,0,0
715984908,0.0,0,0
794530608,0.11666666666666667,0,0
778506633,0.7333333333333333,1,1
774588633,0.02,0,0
721532583,0.35,0,1
710637183,0.006666666666666667,0,0
771935283,0.0,0,0
788791383,0.30333333333333334,0,0
720033033,0.01,0,0
713701533,0.0033333333333333335,0,0
716643033,0.67,1,1
720031908,0.006666666666666667,0,0
718471758,0.02666666666666667,0,0
713151258,0.04,0,0
719267283,0.0033333333333333335,0,0
714202008,0.8,1,1
711343233,0.013333333333333334,0,0
713492583,0.87,1,1
718757808,0.01,0,0
719671383,0.18666666666666668,0,0
720964683,0.45,0,0
778882758,0.24333333333333335,0,0
779536233,0.03333333333333333,0,0
716609433,0.33666666666666667,0,1
720712533,0.12,0,0
713363583,0.08666666666666667,0,0
721005108,0.0033333333333333335,0,0
717171408,0.5133333333333333,1,0
710428308,0.15,0,0
817958733,0.006666666666666667,0,0
721212258,0.10666666666666667,0,0
721265883,0.19666666666666666,0,0
720384633,0.09666666666666666,0,0
710529708,0.05333333333333334,0,0
788719533,0.47,0,0
794632308,0.2733333333333333,0,0
711831558,0.023333333333333334,0,0
713764458,0.03,0,0
716482533,0.03666666666666667,0,0
771058908,0.016666666666666666,0,0
714616308,0.02,0,0
789467508,0.06,0,0
715571583,0.0033333333333333335,0,0
787591008,0.0,0,0
713015433,0.03666666666666667,0,0
817108083,0.5866666666666667,1,1
720244983,0.10666666666666667,0,0
718677858,0.0,0,0
716497908,0.056666666666666664,0,0
757167633,0.006666666666666667,0,0
810856833,0.056666666666666664,0,0
771061008,0.7033333333333334,1,1
789513858,0.9566666666666667,1,1
807136758,0.7233333333333334,1,1
711379083,0.0033333333333333335,0,0
819700533,0.20333333333333334,0,0
719658858,0.09333333333333334,0,0
770705208,0.11333333333333333,0,0
714294183,0.94,1,1
778933983,0.19,0,0
817337958,0.043333333333333335,0,0
712797258,0.12666666666666668,0,0
717234183,0.12666666666666668,0,0
708710283,0.06666666666666667,0,0
779324358,0.0,0,0
798140283,0.013333333333333334,0,0
715570533,0.8566666666666667,1,1
711216933,0.0,0,0
803097333,0.05333333333333334,0,0
769396158,0.8466666666666667,1,1
719026383,0.20666666666666667,0,0
709979583,0.20666666666666667,0,0
716851908,0.02666666666666667,0,0
715839708,0.08333333333333333,0,0
720029508,0.0033333333333333335,0,0
719612583,0.56,1,1
717420333,0.17333333333333334,0,0
711146358,0.04666666666666667,0,0
715170183,0.02,0,0
708908883,0.016666666666666666,0,0
709766808,0.01,0,0
713945883,0.67,1,1
719881533,0.8266666666666667,1,1
717464958,0.05333333333333334,0,0
778511733,0.12,0,0
754282908,0.07666666666666666,0,0
719686458,0.19,0,0
721527858,0.8566666666666667,1,1
719953383,0.02666666666666667,0,0
717595908,0.03666666666666667,0,0
709231683,0.0033333333333333335,0,0
710825658,0.0,0,0
708129933,0.0033333333333333335,0,0
719359458,0.11333333333333333,0,0
710927733,0.04666666666666667,0,0
716118633,0.023333333333333334,0,0
753220383,0.7333333333333333,1,1
710822808,0.04666666666666667,0,0
712487883,0.54,1,1
771881283,0.006666666666666667,0,0
719737833,0.55,1,0
708754833,0.02,0,0
717502083,0.85,1,1
779727558,0.0033333333333333335,0,0
773332908,0.0,0,0
711949683,0.47333333333333333,0,1
712403358,0.006666666666666667,0,0
720927183,0.03,0,0
772248408,0.023333333333333334,0,0
817382958,0.01,0,0
793550958,0.6233333333333333,1,0
713253858,0.9933333333333333,1,1
767687208,0.04,0,0
789666333,0.013333333333333334,0,0
779844408,0.96,1,1
711801933,0.95,1,1
709545333,0.04,0,0
712214283,0.12666666666666668,0,0
719719158,0.06666666666666667,0,0
780684933,0.0,0,0
769751958,0.23333333333333334,0,0
713675658,0.0033333333333333335,0,0
744483633,0.14333333333333334,0,0
716800908,0.4533333333333333,0,0
711320508,0.043333333333333335,0,0
712434708,0.9133333333333333,1,1
714608583,0.7566666666666667,1,1
789920883,0.26666666666666666,0,0
709272333,0.013333333333333334,0,0
771069033,0.0033333333333333335,0,0
757753083,0.043333333333333335,0,0
768728508,0.09333333333333334,0,0
714962658,0.9233333333333333,1,1
719654283,0.09666666666666666,0,0
770205708,0.04,0,0
790149483,0.01,0,0
710410158,0.75,1,1
714643983,0.0033333333333333335,0,0
720621408,0.06,0,0
720101658,0.043333333333333335,0,0
714400308,0.03666666666666667,0,0
715341858,0.03333333333333333,0,0
784560258,0.006666666666666667,0,0
711116133,0.6666666666666666,1,1
718828083,0.10333333333333333,0,0
807141183,0.06333333333333334,0,0
716032233,0.0,0,0
779783508,0.14666666666666667,0,0
779241783,0.07,0,0
709678608,0.15,0,0
714933783,0.11333333333333333,0,0
719256483,0.0033333333333333335,0,0
714277758,0.01,0,0
780511683,0.73,1,1
718418958,0.49666666666666665,0,1
712644483,0.04,0,0
708384033,0.9466666666666667,1,1
716909283,0.06333333333333334,0,0
810868758,0.07333333333333333,0,0
710218233,0.023333333333333334,0,0
788770908,0.01,0,0
718984533,0.01,0,0
708838908,0.05,0,0
827423433,0.0,0,0
712714008,0.02,0,0
719147208,0.023333333333333334,0,0
779809908,0.11666666666666667,0,0
822084333,0.4066666666666667,0,1
718503108,0.02,0,0
771356508,0.0,0,0
719018208,0.6666666666666666,1,1
780336258,0.0,0,0
711989358,0.0033333333333333335,0,0
718803333,0.5066666666666667,1,0
711391308,0.0,0,0
721398858,0.17,0,0
713779908,0.24,0,0
718152333,0.7733333333333333,1,1
780203883,0.05333333333333334,0,0
716481408,0.0033333333333333335,0,0
720040158,0.05,0,0
710135058,0.03,0,0
779403558,0.01,0,0
720770883,0.37666666666666665,0,0
713205108,0.013333333333333334,0,0
712291308,0.09333333333333334,0,0
710036508,0.23,0,0
772336458,0.43666666666666665,0,1
779598183,0.12666666666666668,0,0
715765758,0.013333333333333334,0,0
718521258,0.056666666666666664,0,0
712961658,0.006666666666666667,0,0
709061658,0.0033333333333333335,0,0
710043408,0.06,0,0
719466558,0.7266666666666667,1,0
771204108,0.006666666666666667,0,0
714700158,0.06,0,0
716498883,0.1,0,0
710464683,0.006666666666666667,0,0
717174558,0.43333333333333335,0,1
771422883,0.97,1,1
794191008,0.006666666666666667,0,0
710411358,0.5233333333333333,1,1
714234858,0.0033333333333333335,0,0
720062508,0.9366666666666666,1,1
715233108,0.0033333333333333335,0,0
713935533,0.023333333333333334,0,0
708393633,0.02666666666666667,0,0
778679883,0.18,0,0
713229633,0.9166666666666666,1,1
816843933,0.04,0,0
714673833,0.006666666666666667,0,0
821168733,0.17,0,0
716329383,0.16666666666666666,0,1
712925808,0.79,1,1
714990633,0.0,0,0
715381533,0.13,0,0
794293908,0.03666666666666667,0,0
711783483,0.006666666666666667,0,0
712619808,0.0,0,0
709610283,0.056666666666666664,0,0
710697408,0.023333333333333334,0,0
720650208,0.11333333333333333,0,0
718271958,0.013333333333333334,0,0
714144258,0.06666666666666667,0,0
798110358,0.4533333333333333,0,0
718466883,0.01,0,0
709592808,0.01,0,0
709901058,0.0,0,0
719282433,0.03333333333333333,0,0
812618883,0.006666666666666667,0,0
778873608,0.013333333333333334,0,0
713965683,0.03333333333333333,0,0
801786483,0.08333333333333333,0,0
801064833,0.01,0,0
713144208,0.9466666666666667,1,1
779514558,0.03,0,0
709173108,0.39,0,1
719373558,0.006666666666666667,0,0
713758758,0.01,0,0
711947358,0.04,0,0
719679858,0.09,0,0
747551658,0.01,0,0
771823308,0.13666666666666666,0,0
720179883,0.6066666666666667,1,0
708702258,0.7566666666666667,1,1
708387933,0.016666666666666666,0,0
708826158,0.03,0,0
778984383,0.0,0,0
718504983,0.4533333333333333,0,0
715034358,0.19,0,0
717489033,0.4166666666666667,0,1
711208083,0.0,0,0
720330558,0.5766666666666667,1,1
820383558,0.10666666666666667,0,0
717656433,0.0033333333333333335,0,0
721139808,0.013333333333333334,0,0
778973658,0.11,0,0
721038408,0.2866666666666667,0,0
721121283,0.0,0,0
719806233,0.2966666666666667,0,0
713070033,0.0,0,0
772601283,0.18,0,0
716461683,0.02666666666666667,0,0
718811058,0.013333333333333334,0,0
714842208,0.0033333333333333335,0,0
780253533,0.03666666666666667,0,0
715898058,0.61,1,0
808756458,0.0033333333333333335,0,0
806624208,0.06333333333333334,0,0
717621333,0.0,0,0
711728208,0.14333333333333334,0,0
771507258,0.0033333333333333335,0,0
717208833,0.6933333333333334,1,1
712820208,0.09666666666666666,0,0
720837708,0.08333333333333333,0,0
711000933,0.21333333333333335,0,0
708473133,0.006666666666666667,0,0
806995683,0.19333333333333333,0,0
720508233,0.7833333333333333,1,1
717273333,0.06,0,0
709446783,0.07666666666666666,0,0
716013858,0.01,0,0
801056358,0.0033333333333333335,0,0
719729433,0.08666666666666667,0,0
798011733,0.0,0,0
708669408,0.03666666666666667,0,0
714155283,0.006666666666666667,0,0
827114058,0.05,0,0
710404533,0.2733333333333333,0,0
714571008,0.013333333333333334,0,0
715209333,0.013333333333333334,0,0
795237183,0.48,0,0
714199983,0.06333333333333334,0,0
766322883,0.04,0,0
719782458,0.023333333333333334,0,0
712774908,0.0,0,0
719873808,0.13666666666666666,0,0
785387883,0.33666666666666667,0,0
714864333,0.35,0,1
711724083,0.29,0,1
715022133,0.013333333333333334,0,0
808747233,0.48333333333333334,0,1
713036208,0.07,0,0
719712633,0.07666666666666666,0,0
709206333,0.88,1,1
709537683,0.74,1,1
778895883,0.04,0,0
715708308,0.03333333333333333,0,0
715799808,0.6333333333333333,1,1
717609633,0.09,0,0
788874333,0.023333333333333334,0,0
710277183,0.023333333333333334,0,0
721290708,0.06333333333333334,0,0
721113333,0.02,0,0
717403158,0.07333333333333333,0,0
717787533,0.04666666666666667,0,0
717906783,0.02666666666666667,0,0
720212508,0.016666666666666666,0,0
772082208,0.016666666666666666,0,0
714970458,0.013333333333333334,0,0
708652908,0.0033333333333333335,0,0
772382283,0.89,1,1
788832033,0.056666666666666664,0,0
717895833,0.02,0,0
713401758,0.0033333333333333335,0,0
712682583,0.0,0,0
713733633,0.3433333333333333,0,1
712319958,0.04,0,0
708098133,0.01,0,0
719094333,0.01,0,0
772661808,0.01,0,0
720467583,0.2,0,0
804428958,0.0033333333333333335,0,0
816596583,0.21,0,0
769676358,0.01,0,0
713047608,0.3233333333333333,0,1
710694033,0.06666666666666667,0,0
709625733,0.03,0,0
708890133,0.02,0,0
715124958,0.12666666666666668,0,0
797668983,0.006666666666666667,0,0
720731808,0.9566666666666667,1,1
708511983,0.01,0,0
708190158,0.7066666666666667,1,1
789023508,0.006666666666666667,0,0
721513833,0.04666666666666667,0,0
804437658,0.016666666666666666,0,0
772725408,0.10333333333333333,0,0
717384183,0.0033333333333333335,0,0
709104333,0.15333333333333332,0,0
709679658,0.023333333333333334,0,0
714414483,0.05333333333333334,0,0
788761608,0.22666666666666666,0,0
797238108,0.0,0,0
718161708,0.0033333333333333335,0,0
788752833,0.0,0,0
717991533,0.01,0,0
714917583,0.03666666666666667,0,0
711655683,0.16666666666666666,0,0
789990333,0.0,0,0
717211608,0.016666666666666666,0,0
717500133,0.12,0,0
718338708,0.02,0,0
778686408,0.02,0,0
720674133,0.03666666666666667,0,0
755262933,0.37333333333333335,0,0
787623858,0.17666666666666667,0,0
719344608,0.01,0,0
720608658,0.0,0,0
716378658,0.16666666666666666,0,0
711866358,0.12666666666666668,0,0
720364158,0.0033333333333333335,0,0
713652783,0.06,0,0
716102583,0.12666666666666668,0,0
719161683,0.04666666666666667,0,0
749571633,0.03,0,0
709465758,0.6733333333333333,1,0
804415083,0.45666666666666667,0,1
801037833,0.02,0,0
714524583,0.41,0,1
715347783,0.13333333333333333,0,0
787482033,0.9233333333333333,1,1
712867983,0.03,0,0
779331558,0.6766666666666666,1,0
715363908,0.0033333333333333335,0,0
718994583,0.0033333333333333335,0,0
714100008,0.85,1,1
713995233,0.006666666666666667,0,0
717748608,0.37666666666666665,0,1
708496833,0.6866666666666666,1,1
713985183,0.006666666666666667,0,0
770878458,0.013333333333333334,0,0
718501983,0.01,0,0
827360883,0.18,0,0
708722583,0.07,0,0
718921683,0.4633333333333333,0,0
716893683,0.7,1,1
826266483,0.05333333333333334,0,0
714418158,0.10333333333333333,0,0
712757808,0.61,1,0
789744033,0.02666666666666667,0,0
712927383,0.82,1,1
710257683,0.04666666666666667,0,0
710831133,0.0033333333333333335,0,0
712521783,0.01,0,0
715880283,0.01,0,0
771488583,0.05,0,0
716273133,0.06,0,0
711029358,0.24,0,0
720075558,0.07333333333333333,0,0
710819733,0.46,0,1
713453733,0.0033333333333333335,0,0
771429408,0.27,0,0
708331758,0.09333333333333334,0,0
818993508,0.0,0,0
798699033,0.0033333333333333335,0,0
780200208,0.0033333333333333335,0,0
716044383,0.02666666666666667,0,0
779116158,0.006666666666666667,0,0
716176683,0.0033333333333333335,0,0
719117433,0.0033333333333333335,0,0
719944458,0.06666666666666667,0,0
778919583,0.0,0,0
712627083,0.7866666666666666,1,1
716511483,0.13,0,0
800869758,0.0,0,0
771224358,0.006666666666666667,0,0
708724908,0.016666666666666666,0,0
815015283,0.02,0,0
713008308,0.10333333333333333,0,0
771342183,0.9866666666666667,1,1
767348733,0.02666666666666667,0,0
713027058,0.9933333333333333,1,1
720836808,0.023333333333333334,0,0
714276408,0.9433333333333334,1,1
772273983,0.9866666666666667,1,1
713828208,0.5033333333333333,1,0
772684833,0.013333333333333334,0,0
716210283,0.2866666666666667,0,0
771630783,0.0033333333333333335,0,0
718611333,0.013333333333333334,0,0
708727983,0.29,0,0
714753258,0.12666666666666668,0,0
809811858,0.96,1,1
712378983,0.18,0,1
711589758,0.006666666666666667,0,0
789309558,0.043333333333333335,0,0
715215108,0.006666666666666667,0,0
712010358,0.7366666666666667,1,1
788667408,0.0,0,0
772426383,0.02666666666666667,0,0
771527508,0.02,0,0
721506708,0.09,0,0
709554483,0.09,0,0
716297658,0.2966666666666667,0,0
711816108,0.95,1,1
779701983,0.016666666666666666,0,0
721279083,0.17666666666666667,0,0
711245433,0.9933333333333333,1,1
714479358,0.58,1,1
714909108,0.08333333333333333,0,0
815826708,0.03333333333333333,0,0
720769533,0.03,0,0
719724933,0.0033333333333333335,0,0
710794983,0.02,0,0
713982108,0.13333333333333333,0,0
788826408,0.05,0,0
711550983,0.0033333333333333335,0,0
815484783,0.15666666666666668,0,0
769720683,0.07666666666666666,0,0
711397533,0.13333333333333333,0,0
710401458,0.17333333333333334,0,0
710456658,0.0033333333333333335,0,0
778180158,0.01,0,0
713934633,0.19,0,1
708404883,0.18666666666666668,0,0
712984983,0.01,0,0
758833758,0.006666666666666667,0,0
821889858,0.83,1,1
719469333,0.03333333333333333,0,0
710155158,0.7033333333333334,1,1
720512433,0.4533333333333333,0,1
712177908,0.0,0,0
720462633,0.6133333333333333,1,0
709879458,0.6666666666666666,1,0
709547658,0.37666666666666665,0,1
710297133,0.07,0,0
715547058,0.93,1,1
712373208,0.9166666666666666,1,1
708971583,0.13,0,0
787568433,0.0,0,0
713600958,0.10666666666666667,0,0
709791333,0.0033333333333333335,0,0
710202783,0.37666666666666665,0,0
756065433,0.12,0,0
809459733,0.043333333333333335,0,0
708358683,0.18,0,0
718899708,0.16,0,0
823833483,0.07,0,0
711102858,0.53,1,1
719125158,0.05333333333333334,0,0
772116408,0.08333333333333333,0,0
714363858,0.4266666666666667,0,0
808279158,0.04,0,0
714657108,0.05,0,0
719666283,0.023333333333333334,0,0
712290258,0.0033333333333333335,0,0
821339433,0.0033333333333333335,0,0
788595183,0.03,0,0
708944958,0.02,0,0
720980958,0.02666666666666667,0,0
818308533,0.5333333333333333,1,0
710303208,0.013333333333333334,0,0
819214233,0.0033333333333333335,0,0
822121608,0.006666666666666667,0,0
778921908,0.01,0,0
717866133,0.2,0,0
708536283,0.4866666666666667,0,1
769935783,0.09333333333333334,0,0
715485483,0.5466666666666666,1,1
718205283,0.006666666666666667,0,0
711679533,0.043333333333333335,0,0
755420433,0.5833333333333334,1,0
718162908,0.5866666666666667,1,0
713884458,0.0033333333333333335,0,0
717376758,0.0,0,0
717624708,0.66,1,1
720340383,0.01,0,0
721165608,0.04666666666666667,0,0
709707033,0.89,1,1
781306758,0.7733333333333333,1,1
708525108,0.0,0,0
720521808,0.03,0,0
772098858,0.006666666666666667,0,0
708382083,0.5233333333333333,1,0
755593983,0.043333333333333335,0,0
713856708,0.043333333333333335,0,0
771852483,0.11333333333333333,0,0
809452383,0.006666666666666667,0,0
713010483,0.08666666666666667,0,0
721220583,0.0,0,0
715321008,0.8066666666666666,1,1
806824908,0.023333333333333334,0,0
794507133,0.6633333333333333,1,1
711178383,0.19333333333333333,0,0
717843783,0.023333333333333334,0,0
716094333,0.016666666666666666,0,0
714052158,0.3466666666666667,0,1
772286658,0.36666666666666664,0,1
779608083,0.14,0,0
721415658,0.06666666666666667,0,0
715992558,0.04666666666666667,0,0
773448558,0.33,0,0
711148308,0.0,0,0
713809833,0.01,0,0
720585183,0.04666666666666667,0,0
716565258,0.7033333333333334,1,0
771359958,0.10333333333333333,0,0
767333808,0.04666666666666667,0,0
739021908,0.09666666666666666,0,0
712795833,0.81,1,1
719354433,0.06,0,0
711734508,0.2633333333333333,0,0
708397008,0.016666666666666666,0,0
717202083,0.9966666666666667,1,1
713334483,0.9033333333333333,1,1
801508383,0.0033333333333333335,0,0
715102308,0.2633333333333333,0,0
710116833,0.9533333333333334,1,1
718452633,0.96,1,1
710482533,0.043333333333333335,0,0
789523683,0.023333333333333334,0,0
711210633,0.06666666666666667,0,0
770985633,0.023333333333333334,0,0
713536158,0.4266666666666667,0,0
708899283,0.0,0,0
720314583,0.03,0,0
716371308,0.023333333333333334,0,0
709841433,0.01,0,0
708147108,0.09333333333333334,0,0
718692258,0.023333333333333334,0,0
778742358,0.3933333333333333,0,0
712084383,0.02666666666666667,0,0
714005508,0.06666666666666667,0,0
795232683,0.023333333333333334,0,0
714892533,0.30333333333333334,0,0
714317058,0.24,0,0
799825758,0.06333333333333334,0,0
710904708,0.016666666666666666,0,0
797414733,0.18,0,0
808981608,0.09333333333333334,0,0
715767033,0.01,0,0
774437583,0.21666666666666667,0,0
712563408,0.6166666666666667,1,1
716573058,0.9533333333333334,1,1
709126833,0.02,0,0
768490458,0.9133333333333333,1,1
789197508,0.06666666666666667,0,0
717389433,0.10666666666666667,0,0
720050208,0.1,0,0
709157133,0.03333333333333333,0,0
720015183,0.0033333333333333335,0,0
721344858,0.33,0,0
767114958,0.05,0,0
718428033,0.0,0,0
710005683,0.06333333333333334,0,0
757675158,0.0,0,0
710679933,0.82,1,1
802449933,0.02,0,0
710676483,0.01,0,0
720892833,0.016666666666666666,0,0
718032483,0.006666666666666667,0,0
789430083,0.006666666666666667,0,0
720563058,0.0033333333333333335,0,0
772313358,0.14666666666666667,0,0
715855083,0.24666666666666667,0,0
765692658,0.01,0,0
719971458,0.07333333333333333,0,0
719680908,0.013333333333333334,0,0
811713408,0.0033333333333333335,0,0
768687183,0.20333333333333334,0,0
718528008,0.03,0,0
824812983,0.006666666666666667,0,0
710926383,0.016666666666666666,0,0
708846183,0.01,0,0
709665783,0.016666666666666666,0,0
778170633,0.10666666666666667,0,0
721335558,0.006666666666666667,0,0
710595783,0.006666666666666667,0,0
779528658,0.37,0,0
712840608,0.03,0,0
712370208,0.12,0,0
718011783,0.14333333333333334,0,0
721247883,0.01,0,0
719216508,0.0033333333333333335,0,0
820587258,0.30333333333333334,0,0
718645308,0.0,0,0
714477408,0.6466666666666666,1,1
717482658,0.05,0,0
713257083,0.043333333333333335,0,0
718394658,0.11333333333333333,0,0
768848658,0.07333333333333333,0,0
720497958,0.38666666666666666,0,0
715746633,0.056666666666666664,0,0
821336133,0.1,0,0
708655983,0.92,1,0
778228458,0.13666666666666666,0,0
789611283,0.24666666666666667,0,0
817197333,0.19333333333333333,0,0
715511658,0.6066666666666667,1,0
789196158,0.03333333333333333,0,0
720840108,0.12,0,0
772105608,0.016666666666666666,0,0
772687983,0.4866666666666667,0,0
715908558,0.01,0,0
710745633,0.04666666666666667,0,0
714531108,0.06333333333333334,0,0
721502958,0.14333333333333334,0,0
711551958,0.9166666666666666,1,1
717114708,0.01,0,0
712319058,0.09,0,0
717724233,0.03333333333333333,0,0
792524358,0.08666666666666667,0,0
708997833,0.09333333333333334,0,0
753226158,0.04,0,0
827631483,0.17333333333333334,0,0
718583133,0.0,0,0
716931183,0.07,0,0
714474483,0.01,0,0
784798683,0.8333333333333334,1,0
710014683,0.05333333333333334,0,0
713847858,0.9866666666666667,1,1
716056158,0.8633333333333333,1,1
716870583,0.12333333333333334,0,0
710295858,0.0033333333333333335,0,0
813905508,0.0033333333333333335,0,0
828294933,0.78,1,1
721028283,0.013333333333333334,0,0
710563458,0.043333333333333335,0,0
795855258,0.01,0,0
810220833,0.10666666666666667,0,0
778837083,0.39666666666666667,0,1
713976258,0.006666666666666667,0,0
779486433,0.023333333333333334,0,0
779348358,0.7966666666666666,1,1
719813058,0.0,0,0
710251608,0.11333333333333333,0,0
713822208,0.9366666666666666,1,1
717017808,0.043333333333333335,0,0
737933883,0.043333333333333335,0,0
711041508,0.11666666666666667,0,0
794682483,0.06666666666666667,0,0
714514008,0.9566666666666667,1,1
711427458,0.02666666666666667,0,0
717561108,0.43666666666666665,0,0
719337408,0.2833333333333333,0,0
780865308,0.06333333333333334,0,0
709965858,0.016666666666666666,0,0
712765158,0.29,0,0
780602733,0.02666666666666667,0,0
801728658,0.19666666666666666,0,0
712256358,0.043333333333333335,0,0
717364458,0.013333333333333334,0,0
761544333,0.14,0,0
801385458,0.016666666666666666,0,0
790006383,0.02,0,0
716516208,0.02,0,0
770817783,0.22,0,0
716682258,0.09333333333333334,0,0
708573933,0.056666666666666664,0,0
711382458,0.9566666666666667,1,1
809818008,0.22666666666666666,0,0
716230158,0.016666666666666666,0,0
772514808,0.2,0,0
788122533,0.23,0,0
712340733,0.24,0,0
717207408,0.05,0,0
716512383,0.01,0,0
714259533,0.016666666666666666,0,0
788739633,0.5466666666666666,1,1
714222183,0.0033333333333333335,0,0
712104333,0.0033333333333333335,0,0
789307833,0.16,0,0
784725333,0.21,0,0
789025083,0.006666666666666667,0,0
720904233,0.38666666666666666,0,0
708482658,0.006666666666666667,0,0
708705783,0.49,0,1
719623083,0.07666666666666666,0,0
780064983,0.06666666666666667,0,0
711614658,0.30333333333333334,0,0
772036233,0.02666666666666667,0,0
709816158,0.14,0,0
719601708,0.2633333333333333,0,0
816312633,0.22,0,0
716027208,0.21333333333333335,0,0
779310033,0.9033333333333333,1,1
789491058,0.023333333333333334,0,0
719334408,0.03,0,0
719342808,0.006666666666666667,0,0
718640508,0.043333333333333335,0,0
788705358,0.08,0,0
710719683,0.0,0,0
714840858,0.03333333333333333,0,0
816078708,0.18666666666666668,0,0
714296358,0.023333333333333334,0,0
721282908,0.09666666666666666,0,0
816829608,0.5266666666666666,1,0
714548733,0.12333333333333334,0,0
720950283,0.30666666666666664,0,1
714187533,0.52,1,0
824915208,0.0,0,0
713316558,0.04666666666666667,0,0
789556533,0.04,0,0
812446158,0.15666666666666668,0,0
816013383,0.7766666666666666,1,1
716350008,0.023333333333333334,0,0
711339258,0.07666666666666666,0,0
709106358,0.28,0,0
716875083,0.36333333333333334,0,0
712253058,0.0033333333333333335,0,0
716328558,0.06333333333333334,0,0
794573883,0.07,0,0
779305008,0.013333333333333334,0,0
779803008,0.02666666666666667,0,0
713314533,0.82,1,1
810493458,0.01,0,0
712549758,0.16666666666666666,0,0
719532108,0.006666666666666667,0,0
711267633,0.97,1,1
814752558,0.13333333333333333,0,0
717580458,0.86,1,1
767058183,0.1,0,0
713761608,0.07333333333333333,0,0
712996833,0.0033333333333333335,0,0
709443633,0.03333333333333333,0,0
710986758,0.03,0,0
772137183,0.8033333333333333,1,1
778260108,0.0033333333333333335,0,0
714647808,0.02666666666666667,0,0
719358333,0.4766666666666667,0,0
715956258,0.6433333333333333,1,0
818926833,0.44666666666666666,0,0
713700258,0.01,0,0
827476983,0.5833333333333334,1,1
788797983,0.02,0,0
712578933,0.9033333333333333,1,1
711964533,0.22666666666666666,0,0
711315783,0.17666666666666667,0,0
713374533,0.0,0,0
779725833,0.02666666666666667,0,0
709618308,0.4066666666666667,0,0
770135358,0.0,0,0
787605558,0.04,0,0
720264783,0.01,0,0
711935283,0.69,1,1
711521958,0.03333333333333333,0,0
756658083,0.013333333333333334,0,0
790048158,0.10666666666666667,0,0
711574008,0.37,0,0
710929233,0.0033333333333333335,0,0
769985883,0.11333333333333333,0,0
714243408,0.0,0,0
718570158,0.013333333333333334,0,0
719661558,0.016666666666666666,0,0
708319908,0.36666666666666664,0,1
813961233,0.013333333333333334,0,0
714148758,0.07,0,0
795844983,0.13,0,0
789167658,0.03666666666666667,0,0
819977058,0.006666666666666667,0,0
708770883,0.02666666666666667,0,0
715921758,0.16333333333333333,0,0
780126033,0.16666666666666666,0,1
766381908,0.0,0,0
819151083,0.05,0,0
714687858,0.006666666666666667,0,0
709793133,0.35,0,0
718489608,0.0033333333333333335,0,0
789261558,0.03,0,0
715043508,0.5766666666666667,1,0
714831033,0.09666666666666666,0,0
715459158,0.04666666666666667,0,0
711392508,0.006666666666666667,0,0
817035108,0.03666666666666667,0,0
715311183,0.013333333333333334,0,0
714069858,0.2833333333333333,0,0
788820933,0.02,0,0
714835833,0.06666666666666667,0,0
771040758,0.056666666666666664,0,0
716430933,0.13,0,0
794482158,0.32,0,0
718451133,0.02666666666666667,0,0
712165308,0.07666666666666666,0,0
716332533,0.0033333333333333335,0,0
720299283,0.056666666666666664,0,0
712814658,0.0,0,0
718337733,0.0,0,0
712114458,0.03,0,0
817908783,0.03,0,0
714006333,0.94,1,1
720119808,0.22333333333333333,0,0
710736558,0.17,0,0
770956158,0.0,0,0
780727833,0.03666666666666667,0,0
714957108,0.10666666666666667,0,0
713343333,0.0033333333333333335,0,0
717241233,0.016666666666666666,0,0
712112733,0.04,0,0
713152383,0.02,0,0
713422083,0.6266666666666667,1,1
718799958,0.06,0,0
767269908,0.18666666666666668,0,0
719400108,0.06666666666666667,0,0
713767383,0.15,0,0
719490108,0.023333333333333334,0,0
756736008,0.03666666666666667,0,0
769574883,0.4266666666666667,0,0
802101858,0.023333333333333334,0,0
771592458,0.0,0,0
719848008,0.07333333333333333,0,0
708271833,0.056666666666666664,0,0
711360783,0.006666666666666667,0,0
778377183,0.0,0,0
770038983,0.49333333333333335,0,1
718913358,0.76,1,1
827970933,0.0,0,0
711039633,0.10333333333333333,0,0
708373083,0.94,1,1
788741733,0.016666666666666666,0,0
717765183,0.006666666666666667,0,0
793625583,0.006666666666666667,0,0
823606983,0.07333333333333333,0,0
809984133,0.07333333333333333,0,0
712815858,0.043333333333333335,0,0
826723308,0.23,0,0
720486408,0.0033333333333333335,0,0
779037408,0.02666666666666667,0,0
751283658,0.0,0,0
779839758,0.0033333333333333335,0,0
712412958,0.02,0,0
708434733,0.06,0,0
716142858,0.03,0,0
720648483,0.34,0,0
718026858,0.0,0,0
710790258,0.05,0,0
787475433,0.02,0,0
712727283,0.05333333333333334,0,0
812488608,0.006666666666666667,0,0
789469083,0.2733333333333333,0,0
769053033,0.46,0,1
713630733,0.11333333333333333,0,0
779661033,0.04,0,0
715774833,0.0,0,0
806189658,0.0,0,0
716093133,0.043333333333333335,0,0
794514108,0.15666666666666668,0,0
788252358,0.0,0,0
717819633,0.06,0,0
779643858,0.0033333333333333335,0,0
716549058,0.18666666666666668,0,0
817970208,0.0033333333333333335,0,0
805458933,0.02666666666666667,0,0
789942033,0.9766666666666667,1,1
717626508,0.03,0,0
708637758,0.37333333333333335,0,0
827117808,0.8133333333333334,1,1
708907833,0.14,0,0
711052308,0.016666666666666666,0,0
788709408,0.06666666666666667,0,0
719123958,0.9733333333333334,1,1
787261008,0.0,0,0
714147858,0.06333333333333334,0,0
716742483,0.04,0,0
772288758,0.06333333333333334,0,0
718370733,0.06,0,0
716319258,0.01,0,0
826709658,0.99,1,1
711794358,0.7333333333333333,1,1
779065458,0.013333333333333334,0,0
797166633,0.06,0,0
779412783,0.0033333333333333335,0,0
716635758,0.04666666666666667,0,0
718675158,0.5233333333333333,1,1
718227033,0.03,0,0
780638958,0.0033333333333333335,0,0
801709308,0.11666666666666667,0,0
716987358,0.7,1,1
719513733,0.08666666666666667,0,0
716756133,0.0,0,0
737925558,0.07666666666666666,0,0
709411383,0.0,0,0
778853358,0.11333333333333333,0,0
713971608,0.04,0,0
712777233,0.77,1,1
709984083,0.0,0,0
713924283,0.24666666666666667,0,1
711834708,0.09333333333333334,0,0
716981358,0.0033333333333333335,0,0
713685033,0.9766666666666667,1,1
712381683,0.10666666666666667,0,0
718123608,0.013333333333333334,0,0
709716258,0.03666666666666667,0,0
772054458,0.01,0,0
789481233,0.67,1,1
713668158,0.8033333333333333,1,1
817977933,0.58,1,1
718372458,0.043333333333333335,0,0
780219483,0.02666666666666667,0,0
715076358,0.8533333333333334,1,1
717463608,0.01,0,0
779656908,0.04666666666666667,0,0
772063308,0.0033333333333333335,0,0
813499458,0.6966666666666667,1,1
718345233,0.8133333333333334,1,0
773297508,0.04666666666666667,0,0
716437533,0.03,0,0
710363433,0.07666666666666666,0,0
710844408,0.72,1,0
709861008,0.07,0,0
717954333,0.0033333333333333335,0,0
716022258,0.8433333333333334,1,1
712998033,0.91,1,1
720537633,0.016666666666666666,0,0
712821333,0.23666666666666666,0,0
709487058,0.17,0,0
711594858,0.0,0,0
709009833,0.05,0,0
713114133,0.9333333333333333,1,1
718399233,0.06,0,0
787492908,0.02666666666666667,0,0
710453283,0.0033333333333333335,0,0
772339383,0.04666666666666667,0,0
757722708,0.03,0,0
718265658,0.0,0,0
817240833,0.01,0,0
769463433,0.043333333333333335,0,0
827451333,0.9266666666666666,1,1
718875483,0.006666666666666667,0,0
742552683,0.04666666666666667,0,0
787581858,0.17,0,0
713533983,0.05,0,0
772539558,0.09666666666666666,0,0
716354883,0.83,1,1
720983733,0.6833333333333333,1,1
779866458,0.01,0,0
711183558,0.006666666666666667,0,0
716697708,0.38666666666666666,0,1
709220583,0.5433333333333333,1,0
720252858,0.20666666666666667,0,0
717835908,0.14,0,0
796931508,0.98,1,1
771067308,0.043333333333333335,0,0
798022683,0.9,1,1
787669233,0.09,0,0
709990983,0.11333333333333333,0,0
709913733,0.006666666666666667,0,0
720776508,0.17333333333333334,0,0
708790833,0.056666666666666664,0,0
714311583,0.22666666666666666,0,0
717478983,0.04666666666666667,0,0
721179708,0.12666666666666668,0,0
714811533,0.16,0,0
738062658,0.26666666666666666,0,0
708160008,0.06666666666666667,0,0
786557358,0.43333333333333335,0,0
712589658,0.21333333333333335,0,0
717600483,0.11333333333333333,0,0
749067633,0.04666666666666667,0,0
798047583,0.016666666666666666,0,0
712988958,0.03,0,0
758965158,0.013333333333333334,0,0
778929783,0.91,1,1
778255083,0.02,0,0
720281508,0.0,0,0
720992883,0.0,0,0
798114033,0.11333333333333333,0,0
711985833,0.07666666666666666,0,0
714638883,0.14666666666666667,0,0
721228308,0.9966666666666667,1,1
709175208,0.006666666666666667,0,0
719022558,0.02,0,0
709794333,0.06,0,0
813213558,0.013333333333333334,0,0
819997983,0.02,0,0
716439258,0.02666666666666667,0,0
827888433,0.24666666666666667,0,0
772207683,0.0033333333333333335,0,0
718979733,0.006666666666666667,0,0
779198133,0.16666666666666666,0,0
710975883,0.13666666666666666,0,0
711126483,0.02666666666666667,0,0
717166383,0.0033333333333333335,0,0
782802033,0.31,0,1
715942683,0.12333333333333334,0,0
788684508,0.23,0,0
708385533,0.7166666666666667,1,1
771809733,0.8766666666666667,1,1
786546783,0.023333333333333334,0,0
819002508,0.15666666666666668,0,0
743912958,0.006666666666666667,0,0
713094483,0.043333333333333335,0,0
789690483,0.26666666666666666,0,0
711766758,0.0,0,0
711765708,0.16333333333333333,0,0
753233733,0.056666666666666664,0,0
783554958,0.26,0,0
708874533,0.9266666666666666,1,1
709219533,0.02666666666666667,0,0
718795083,0.006666666666666667,0,0
719073483,0.9866666666666667,1,1
715545933,0.08333333333333333,0,0
714621183,0.0,0,0
710555433,0.9366666666666666,1,1
826130133,0.12666666666666668,0,0
718303683,0.14666666666666667,0,1
712374708,0.06333333333333334,0,0
714945708,0.66,1,1
719019483,0.20666666666666667,0,0
720401658,0.7933333333333333,1,1
718708908,0.05,0,0
789466008,0.12,0,0
721268133,0.08,0,0
710207208,0.056666666666666664,0,0
715328658,0.2833333333333333,0,1
808796208,0.18,0,0
779601783,0.01,0,0
788038383,0.056666666666666664,0,0
718301508,0.06333333333333334,0,0
714496083,0.28,0,0
718737708,0.05,0,0
710387583,0.19,0,0
779610033,0.55,1,1
753208833,0.0,0,0
711658758,0.03666666666666667,0,0
717405408,0.02,0,0
718576908,0.22,0,0
712096758,0.01,0,0
712405908,0.13333333333333333,0,0
789625383,0.04666666666666667,0,0
788782008,0.13666666666666666,0,0
719318583,0.71,1,1
716263533,0.02,0,0
789180933,0.05333333333333334,0,0
708542283,0.01,0,0
708084558,0.35,0,1
820085808,0.0,0,0
713081583,0.0033333333333333335,0,0
778486008,0.09,0,0
710691633,0.01,0,0
715080258,0.016666666666666666,0,0
789827208,0.016666666666666666,0,0
715406658,0.8466666666666667,1,1
713183508,0.0,0,0
815062383,0.2966666666666667,0,0
713755458,0.6933333333333334,1,1
710749458,0.03333333333333333,0,0
720513333,0.05333333333333334,0,0
712659408,0.0033333333333333335,0,0
721514883,0.006666666666666667,0,0
714893733,0.11333333333333333,0,0
815838633,0.21333333333333335,0,0
769911858,0.10333333333333333,0,0
716436483,0.9266666666666666,1,0
720128658,0.8066666666666666,1,1
709367433,0.1,0,0
711263058,0.006666666666666667,0,0
711220683,0.0033333333333333335,0,0
712952283,0.0,0,0
713003358,0.93,1,1
780045708,0.03333333333333333,0,0
710084883,0.20666666666666667,0,0
708938508,0.013333333333333334,0,0
758787333,0.07666666666666666,0,0
709275558,0.61,1,0
710635083,0.30333333333333334,0,0
719061933,0.043333333333333335,0,0
718699683,0.29,0,0
714882258,0.0,0,0
721032633,0.76,1,1
717278808,0.32666666666666666,0,0
807596358,0.0033333333333333335,0,0
709839858,0.24,0,0
711272058,0.016666666666666666,0,0
720753183,0.04666666666666667,0,0
715019883,0.01,0,0
809937933,0.0033333333333333335,0,0
763895958,0.6833333333333333,1,1
779187783,0.17333333333333334,0,0
712843983,0.95,1,1
818770008,0.06333333333333334,0,0
710978058,0.04666666666666667,0,0
721399833,0.0,0,0
713299758,0.04666666666666667,0,0
709319658,0.8133333333333334,1,1
708555633,0.03,0,0
717296808,0.03,0,0
716159958,0.0,0,0
709615458,0.023333333333333334,0,0
803968233,0.1,0,0
812973708,0.016666666666666666,0,0
720761208,0.94,1,1
714847983,0.0033333333333333335,0,0
757527033,0.016666666666666666,0,0
711826983,0.8533333333333334,1,1
813901458,0.043333333333333335,0,0
818929158,0.5933333333333334,1,0
709243533,0.0,0,0
826414083,0.02,0,0
788912658,0.21666666666666667,0,0
769200858,0.013333333333333334,0,0
772139433,0.05,0,0
712235433,1.0,1,1
710512833,0.0033333333333333335,0,0
721315233,0.023333333333333334,0,0
773257233,0.0,0,0
713709258,0.0,0,0
720182658,0.006666666666666667,0,0
790099758,0.3,0,0
708402333,0.0,0,0
714759708,0.0033333333333333335,0,0
716535408,0.0033333333333333335,0,0
712865583,0.02666666666666667,0,0
789964983,0.9733333333333334,1,1
719504433,0.09333333333333334,0,0
715773783,0.97,1,1
770721858,0.18666666666666668,0,0
814776033,0.013333333333333334,0,0
714557583,0.006666666666666667,0,0
779848383,0.88,1,1
824789283,0.07666666666666666,0,0
717327783,0.06,0,0
779754408,0.0,0,0
720595083,0.013333333333333334,0,0
712507758,0.056666666666666664,0,0
803587533,0.0,0,0
710725383,0.11,0,0
708829758,0.12666666666666668,0,0
794664183,0.07666666666666666,0,0
715162608,0.8333333333333334,1,1
710061783,0.37333333333333335,0,1
709534083,0.71,1,1
709530408,0.02666666666666667,0,0
709950858,0.03,0,0
720515883,0.09666666666666666,0,0
778567983,0.01,0,0
789871233,0.0033333333333333335,0,0
714358008,0.013333333333333334,0,0
718739508,0.0033333333333333335,0,0
715964058,0.0033333333333333335,0,0
709822008,0.0,0,0
716019333,0.0,0,0
720689583,0.043333333333333335,0,0
711635358,0.25,0,0
788386908,0.013333333333333334,0,0
710603958,0.05,0,0
712302783,0.02666666666666667,0,0
716805408,0.006666666666666667,0,0
709560258,1.0,1,1
714900408,0.26,0,0
815515158,0.0,0,0
778971408,0.14333333333333334,0,0
718596858,0.03,0,0
720729108,0.07,0,0
713843283,0.18,0,0
709375158,0.02666666666666667,0,0
809296308,0.09666666666666666,0,0
716944983,0.36333333333333334,0,0
755996583,0.8133333333333334,1,1
710273658,0.1,0,0
779681433,0.7566666666666667,1,1
716364408,0.04,0,0
716438433,0.03,0,0
720422358,0.04,0,0
708298233,0.7,1,1
788930358,0.006666666666666667,0,0
709444983,0.79,1,1
718682883,0.14,0,0
820108008,0.13,0,0
796544133,0.013333333333333334,0,0
719413383,0.05333333333333334,0,0
713653983,0.0033333333333333335,0,0
717177783,0.2733333333333333,0,0
721269108,0.0,0,0
779916408,0.12333333333333334,0,0
787578183,0.08333333333333333,0,0
815104608,0.07666666666666666,0,0
789362058,0.10666666666666667,0,0
715783758,0.18,0,0
825767658,0.16333333333333333,0,0
712420833,0.23333333333333334,0,0
712144158,0.7133333333333334,1,1
778459833,0.07666666666666666,0,0
714652383,0.006666666666666667,0,0
756598833,0.09333333333333334,0,0
710982858,0.03333333333333333,0,0
714045783,0.8,1,1
720714933,0.06333333333333334,0,0
713977308,0.056666666666666664,0,0
783542133,0.10666666666666667,0,0
758211483,0.08,0,0
720449208,0.056666666666666664,0,0
714533058,0.0,0,0
805259733,0.45666666666666667,0,0
789541458,0.02666666666666667,0,0
788641758,0.02,0,0
717521508,0.03666666666666667,0,0
802878408,0.05333333333333334,0,0
718524783,0.98,1,1
719152383,0.06,0,0
716948283,0.09666666666666666,0,0
718342158,0.6633333333333333,1,1
713325108,0.14,0,0
708635058,0.0033333333333333335,0,0
708451233,0.02666666666666667,0,0
708880683,0.03666666666666667,0,0
711553308,0.0033333333333333335,0,0
715660308,0.8033333333333333,1,1
771499233,0.0033333333333333335,0,0
721008933,0.0,0,0
711478233,0.15,0,0
717575958,0.92,1,1
788830683,0.03333333333333333,0,0
709212183,0.03666666666666667,0,0
711278283,0.02,0,0
809849358,0.97,1,1
787472283,0.01,0,0
718947558,0.04,0,0
761079783,0.7333333333333333,1,1
712019883,0.006666666666666667,0,0
710971908,0.02,0,0
720008133,0.0033333333333333335,0,0
717192933,0.07333333333333333,0,0
716365233,0.02666666666666667,0,0
716470683,0.01,0,0
794665608,0.33666666666666667,0,0
713227233,0.07333333333333333,0,0
715797783,0.0,0,0
708615183,0.0033333333333333335,0,0
797228883,0.04,0,0
717271983,0.08666666666666667,0,0
716545383,0.023333333333333334,0,0
754443033,0.84,1,1
784719708,0.31666666666666665,0,0
716345283,0.016666666666666666,0,0
819752133,0.0,0,0
717099408,0.01,0,0
717678408,0.45666666666666667,0,0
711154908,0.03,0,0
779315508,0.62,1,1
712240083,0.49,0,1
714336333,0.006666666666666667,0,0
812222208,0.07333333333333333,0,0
817245183,0.05,0,0
708272808,0.043333333333333335,0,0
720639783,0.14,0,0
714361083,0.8266666666666667,1,1
713339283,0.03333333333333333,0,0
772360683,0.25,0,0
779442783,0.02666666666666667,0,0
717517758,0.11666666666666667,0,0
708560733,0.023333333333333334,0,0
798489258,0.08666666666666667,0,0
778885158,0.20666666666666667,0,0
788132208,0.0,0,0
711323283,0.7166666666666667,1,1
712881483,0.12333333333333334,0,0
717448383,0.9866666666666667,1,1
710015733,0.4033333333333333,0,1
779713608,0.006666666666666667,0,0
778425408,0.14333333333333334,0,0
710849208,0.06,0,0
769189083,0.0,0,0
711305208,0.07,0,0
718996758,0.0,0,0
721461258,0.006666666666666667,0,0
719517258,0.01,0,0
779217333,0.0,0,0
709161108,0.7466666666666667,1,1
773383158,0.11666666666666667,0,0
807137808,0.0033333333333333335,0,0
788802483,0.0033333333333333335,0,0
720096558,0.24666666666666667,0,0
711861258,0.39,0,0
719453283,0.0033333333333333335,0,0
720443358,0.043333333333333335,0,0
802276683,0.07666666666666666,0,0
803963808,0.15666666666666668,0,0
708588408,0.01,0,0
708664008,0.63,1,0
711762408,0.03666666666666667,0,0
714427608,0.006666666666666667,0,0
720801033,0.5233333333333333,1,0
715442958,0.10333333333333333,0,0
751450008,0.27,0,0
719885883,0.006666666666666667,0,0
712967508,0.0,0,0
815908908,0.8133333333333334,1,1
714916758,0.67,1,0
794831733,0.10333333333333333,0,0
778224858,0.0033333333333333335,0,0
816091608,0.023333333333333334,0,0
772231233,0.0,0,0
716520033,0.056666666666666664,0,0
720236433,0.14666666666666667,0,0
718010133,0.016666666666666666,0,0
713876958,0.05,0,0
756571983,0.0,0,0
785432733,0.8166666666666667,1,0
708266883,1.0,1,1
771336783,0.0033333333333333335,0,0
799723908,0.07,0,0
820694133,0.6266666666666667,1,1
716249508,0.03666666666666667,0,0
751518633,0.3433333333333333,0,1
712241433,0.0033333333333333335,0,0
757053408,0.0033333333333333335,0,0
789520533,0.023333333333333334,0,0
789396783,0.0,0,0
708494583,0.2866666666666667,0,0
809599158,0.93,1,1
789599283,0.01,0,0
788812608,0.03666666666666667,0,0
814590483,0.02,0,0
712161858,0.54,1,1
718926258,0.01,0,0
716506083,0.75,1,1
720707283,0.07,0,0
720286908,0.07,0,0
717042333,0.9766666666666667,1,1
719826333,0.11333333333333333,0,0
718927533,0.05,0,0
717321783,0.11333333333333333,0,0
815812683,0.006666666666666667,0,0
718212633,0.02,0,0
806908608,0.013333333333333334,0,0
709985133,0.13333333333333333,0,0
789238683,0.023333333333333334,0,0
720529308,0.55,1,1
714217908,0.1,0,0
796170933,0.11666666666666667,0,0
714412308,0.78,1,1
787514433,0.0,0,0
788610258,0.06,0,0
820268358,0.0,0,0
811970808,0.02,0,0
721232058,0.02666666666666667,0,0
766006758,0.12333333333333334,0,0
771460158,0.0,0,0
716431833,0.02,0,0
789363408,0.09333333333333334,0,0
718540308,0.12333333333333334,0,0
711191808,0.006666666666666667,0,0
721080183,0.19666666666666666,0,0
821149008,0.5166666666666667,1,1
809292483,0.03666666666666667,0,0
826061508,0.023333333333333334,0,0
797998158,0.12333333333333334,0,0
720064158,0.0033333333333333335,0,0
714595983,0.85,1,1
720254883,0.07,0,0
719964933,0.0,0,0
714738858,0.0,0,0
787659483,0.06,0,0
716151858,0.02,0,0
714035283,0.6966666666666667,1,1
716385033,0.0033333333333333335,0,0
772782708,0.01,0,0
720124758,0.9266666666666666,1,1
788246958,0.0,0,0
769137108,0.9266666666666666,1,1
720683958,0.12666666666666668,0,0
712361583,0.21333333333333335,0,0
780349833,0.14,0,0
712390683,0.0033333333333333335,0,0
721051908,0.6333333333333333,1,0
770778108,0.006666666666666667,0,0
769035933,0.05,0,0
717758583,0.02666666666666667,0,0
712046808,0.9266666666666666,1,1
714787383,0.1,0,0
719781183,0.10333333333333333,0,0
719170683,0.23,0,0
714797733,0.30333333333333334,0,0
713231658,0.17,0,0
711764733,0.41333333333333333,0,0
711781233,0.016666666666666666,0,0
711371208,0.02,0,0
711326583,0.18666666666666668,0,0
717141858,0.03666666666666667,0,0
714573258,0.24666666666666667,0,0
718188858,0.0,0,0
713550483,0.03,0,0
714030183,0.13666666666666666,0,0
720046458,0.013333333333333334,0,0
716101308,0.44,0,0
714113658,0.0033333333333333335,0,0
712579983,0.64,1,0
713418558,0.006666666666666667,0,0
825831933,0.0033333333333333335,0,0
771584658,0.01,0,0
717135333,0.0,0,0
771982083,0.016666666666666666,0,0
711600033,0.02666666666666667,0,0
715098333,0.06,0,0
788699808,0.35333333333333333,0,0
718486608,0.0,0,0
780384483,0.4666666666666667,0,1
720768258,0.006666666666666667,0,0
713573508,0.8133333333333334,1,1
758765808,0.2,0,0
780277458,0.02,0,0
770560683,0.07333333333333333,0,0
719628033,0.05,0,0
811467708,0.016666666666666666,0,0
720902133,0.25666666666666665,0,0
710636208,0.21666666666666667,0,0
819634233,0.64,1,1
720708183,0.023333333333333334,0,0
708244458,0.0033333333333333335,0,0
720539583,0.0,0,0
708378108,0.006666666666666667,0,0
719577258,0.9566666666666667,1,1
788996058,0.0,0,0
804601833,0.016666666666666666,0,0
712948383,0.19,0,0
716136333,0.72,1,1
757481283,0.07,0,0
717185658,0.72,1,1
797410983,0.0,0,0
708332808,0.14666666666666667,0,0
710841183,0.023333333333333334,0,0
711863433,0.03666666666666667,0,0
717830583,0.013333333333333334,0,0
710893533,0.09,0,0
720339558,0.056666666666666664,0,0
794498733,0.33,0,0
713455233,0.02666666666666667,0,0
714173808,0.08666666666666667,0,0
715616358,0.03333333333333333,0,0
709278258,0.3433333333333333,0,1
755273658,0.45,0,0
716930133,0.016666666666666666,0,0
786087633,0.08,0,0
709379283,0.31333333333333335,0,0
718441308,0.02666666666666667,0,0
712828533,0.04666666666666667,0,0
789144633,0.14333333333333334,0,0
717483558,0.02666666666666667,0,0
769577358,0.0,0,0
713347608,0.8266666666666667,1,1
715694433,0.02,0,0
720782658,0.0033333333333333335,0,0
712902483,0.23333333333333334,0,0
773146383,0.09333333333333334,0,0
758348808,0.13333333333333333,0,0
824140908,0.6966666666666667,1,1
712566258,0.013333333333333334,0,0
714168183,0.01,0,0
827408058,0.07,0,0
718755483,0.0,0,0
721053633,0.0,0,0
789560433,0.9333333333333333,1,1
713236458,0.06,0,0
717661908,0.22333333333333333,0,0
714078558,0.5466666666666666,1,1
788618208,0.5066666666666667,1,0
827111283,0.8233333333333334,1,0
793456983,0.01,0,0
817086783,0.26,0,0
788687133,0.0033333333333333335,0,0
711473058,0.02,0,0
708459633,0.04,0,0
710810883,0.04,0,0
718731183,0.7033333333333334,1,1
711109908,0.3233333333333333,0,0
716878533,0.016666666666666666,0,0
716663808,0.043333333333333335,0,0
809951133,0.7733333333333333,1,1
718939083,0.7333333333333333,1,1
715400733,0.69,1,1
769927533,0.0,0,0
718072758,0.01,0,0
813234108,0.0,0,0
717109983,0.006666666666666667,0,0
718379358,0.15,0,0
714426783,0.21,0,0
720334833,0.0033333333333333335,0,0
715345833,0.3333333333333333,0,0
716736858,0.013333333333333334,0,0
710856558,0.02,0,0
809425533,0.05,0,0
714283458,0.01,0,0
709040508,0.06333333333333334,0,0
709607733,0.0,0,0
708361833,0.05333333333333334,0,0
719554758,0.13666666666666666,0,0
721036233,0.03,0,0
712428333,0.016666666666666666,0,0
719112258,0.013333333333333334,0,0
719593608,0.59,1,1
720292983,0.056666666666666664,0,0
719838558,0.006666666666666667,0,0
720249183,0.0033333333333333335,0,0
780076833,0.01,0,0
789435783,0.06666666666666667,0,0
719629308,0.06,0,1
713975433,0.013333333333333334,0,0
816615633,0.023333333333333334,0,0
717628608,0.06,0,0
713948808,0.0,0,0
771976683,0.16,0,0
714754533,0.03333333333333333,0,0
798558783,0.013333333333333334,0,0
712025958,0.01,0,0
721124658,0.29333333333333333,0,1
779883933,0.09333333333333334,0,0
709749483,0.0033333333333333335,0,0
716610558,0.09,0,0
711117108,0.10333333333333333,0,0
711649908,0.02,0,0
717411483,0.05333333333333334,0,0
721486908,0.04666666666666667,0,0
709309308,0.9133333333333333,1,1
716971833,0.41333333333333333,0,0
711377808,0.07333333333333333,0,0
753118533,0.0033333333333333335,0,0
720618033,0.07666666666666666,0,0
800758233,0.5033333333333333,1,1
754886958,0.05,0,0
717390408,0.37666666666666665,0,1
712866933,0.10666666666666667,0,0
714502458,0.02666666666666667,0,0
812979408,0.64,1,1
712014708,0.0,0,0
709087983,0.02666666666666667,0,0
715479483,0.18,0,0
717013383,0.16,0,0
740784258,0.0,0,0
710500983,0.8833333333333333,1,1
712557708,0.07,0,0
812809083,0.22333333333333333,0,0
712475733,0.10333333333333333,0,0
715958583,0.12,0,0
788327358,0.03,0,0
826513233,0.2966666666666667,0,0
714304458,0.29333333333333333,0,0
737921733,0.38333333333333336,0,1
711657783,0.03333333333333333,0,0
719234883,0.05333333333333334,0,0
788997408,0.023333333333333334,0,0
794054058,0.41,0,0
712141683,0.043333333333333335,0,0
711064008,0.12666666666666668,0,0
784819758,0.05333333333333334,0,0
789692283,0.13,0,0
788771733,0.0,0,0
718653333,0.9933333333333333,1,1
719876808,0.22666666666666666,0,0
785080308,0.22,0,0
714390858,0.02666666666666667,0,0
780710433,0.03333333333333333,0,0
712238958,0.03,0,0
771952683,0.19,0,0
812788233,0.16333333333333333,0,0
715050408,0.42333333333333334,0,0
716387733,0.9066666666666666,1,1
713808633,0.09666666666666666,0,0
709711758,0.9533333333333334,1,1
719570733,0.0,0,0
716578158,0.21,0,0
715915458,0.023333333333333334,0,0
717151383,0.04666666666666667,0,0
711232608,0.9566666666666667,1,1
708723858,0.06,0,0
716739258,0.08333333333333333,0,0
719804208,0.09666666666666666,0,0
772341783,0.61,1,1
718267233,0.11333333333333333,0,0
783561558,0.37,0,0
713373708,0.9266666666666666,1,1
716793108,0.10333333333333333,0,0
717127083,0.15666666666666668,0,0
708338958,0.0033333333333333335,0,0
771464808,0.006666666666666667,0,0
711772008,0.6466666666666666,1,1
719857008,0.006666666666666667,0,0
715235808,0.0,0,0
778420383,0.09333333333333334,0,0
708205083,0.01,0,0
711004533,0.0,0,0
711549408,0.0,0,0
780942633,0.05333333333333334,0,0
718464258,0.37333333333333335,0,0
739317558,0.07,0,0
826168083,0.0,0,0
712805658,0.006666666666666667,0,0
713352183,0.05333333333333334,0,0
783361533,0.05333333333333334,0,0
778956033,0.03333333333333333,0,0
817089408,0.013333333333333334,0,0
712982808,0.97,1,1
715680933,0.05,0,0
799026633,0.20666666666666667,0,0
822112383,0.006666666666666667,0,0
713105508,0.18333333333333332,0,0
709747308,0.06,0,0
797169633,0.30666666666666664,0,0
708334158,0.09,0,0
813967983,0.01,0,0
713134458,0.3433333333333333,0,0
716773533,0.04666666666666667,0,0
789101883,0.016666666666666666,0,0
789907533,0.6533333333333333,1,1
717657333,0.26666666666666666,0,0
779662308,0.01,0,0
720283758,0.84,1,1
721374033,0.013333333333333334,0,0
715518783,0.006666666666666667,0,0
789271533,0.013333333333333334,0,0
709103358,0.37333333333333335,0,0
803408733,0.11333333333333333,0,0
790164408,0.0,0,0
711002058,0.07666666666666666,0,0
710424408,0.03333333333333333,0,0
789368658,0.06,0,0
808705758,0.07666666666666666,0,0
714278958,0.02,0,0
718415133,0.11,0,0
778386033,0.31666666666666665,0,0
718252533,0.2733333333333333,0,1
717016833,0.03333333333333333,0,0
809797158,0.043333333333333335,0,0
710342508,0.023333333333333334,0,0
771020133,0.0,0,0
716434533,0.8266666666666667,1,1
719365233,0.05,0,0
712208658,0.0,0,0
715294083,0.8933333333333333,1,1
717050883,0.006666666666666667,0,0
715435758,0.0,0,0
826065258,0.043333333333333335,0,0
786566733,0.08333333333333333,0,0
772776033,0.16333333333333333,0,0
792864858,0.30666666666666664,0,0
716657058,0.8866666666666667,1,0
714767508,0.07,0,0
780006783,0.6966666666666667,1,1
766273533,0.03,0,0
713823033,0.7,1,1
827055333,0.48,0,0
721183983,0.21333333333333335,0,0
788864508,0.0,0,0
712489158,0.08666666666666667,0,0
805282908,0.043333333333333335,0,0
716891583,0.023333333333333334,0,0
789143283,0.0033333333333333335,0,0
721217283,0.09666666666666666,0,0
716626008,0.0033333333333333335,0,0
710744433,0.04666666666666667,0,0
778908783,0.29,0,0
712863183,0.02,0,0
712835433,0.0033333333333333335,0,0
712443558,0.11666666666666667,0,0
780529908,0.0,0,0
720997383,0.7833333333333333,1,1
771516333,0.05333333333333334,0,0
714076683,0.3566666666666667,0,1
714615258,0.44,0,1
711615933,0.09,0,0
714286383,0.05,0,0
714366708,0.0,0,0
803115258,0.7066666666666667,1,1
717865008,0.05,0,0
817293258,0.11666666666666667,0,0
715354008,0.07666666666666666,0,0
713597658,0.3333333333333333,0,1
714635883,0.0033333333333333335,0,0
717623583,0.26,0,0
789791808,0.03666666666666667,0,0
714839808,0.0,0,0
710572458,0.33,0,0
713356833,0.09666666666666666,0,0
714443058,0.8433333333333334,1,1
718777008,0.02,0,0
721147383,0.0,0,0
709150608,0.19333333333333333,0,0
737967708,0.0033333333333333335,0,0
708197358,0.59,1,1
789095958,0.8166666666666667,1,1
710812533,0.8866666666666667,1,1
709987683,0.8666666666666667,1,1
712164333,0.21666666666666667,0,1
772712658,0.043333333333333335,0,0
806889633,0.023333333333333334,0,0
718282983,0.03333333333333333,0,0
716462658,0.42333333333333334,0,0
712495233,0.16,0,0
712128258,0.05333333333333334,0,0
780198258,0.06666666666666667,0,0
713320008,0.19666666666666666,0,0
720210483,0.016666666666666666,0,0
714781908,0.17333333333333334,0,0
789325008,0.01,0,0
788990508,0.07333333333333333,0,0
778346283,0.09,0,0
709919283,0.18333333333333332,0,0
734909358,0.0,0,0
711340233,0.01,0,0
802460433,0.9466666666666667,1,1
780557658,0.4866666666666667,0,0
711608958,0.006666666666666667,0,0
778356408,0.0,0,0
714983283,0.5233333333333333,1,1
710905908,0.6,1,0
814181433,0.17,0,0
788772708,0.25666666666666665,0,0
718373658,0.08,0,0
788979258,0.12333333333333334,0,0
794843883,0.09333333333333334,0,0
713641233,0.023333333333333334,0,0
719206308,0.016666666666666666,0,0
717112533,0.0,0,0
712562433,0.99,1,1
780056733,0.24666666666666667,0,0
754872333,0.016666666666666666,0,0
709343433,0.0,0,0
714389058,0.016666666666666666,0,0
717074283,0.54,1,1
711480108,0.14,0,0
717658758,0.3,0,0
807964908,0.18333333333333332,0,0
714320358,0.2833333333333333,0,0
713249883,0.006666666666666667,0,0
787665258,0.9466666666666667,1,1
713512308,0.96,1,1
708736608,0.9533333333333334,1,1
714869958,0.06666666666666667,0,0
719801508,0.03333333333333333,0,0
787480158,0.043333333333333335,0,0
713656308,0.043333333333333335,0,0
708390633,0.023333333333333334,0,0
721393083,0.22666666666666666,0,0
716303583,0.0,0,0
715129233,0.013333333333333334,0,0
710795883,0.15666666666666668,0,0
812218908,0.7933333333333333,1,1
788943333,0.5333333333333333,1,1
714075708,0.04,0,0
736145283,0.21333333333333335,0,0
708721533,0.006666666666666667,0,0
718063083,0.02666666666666667,0,0
714188883,0.9433333333333334,1,1
807523008,0.05,0,0
718009158,0.0,0,0
714284358,0.013333333333333334,0,0
715315008,0.006666666666666667,0,0
711942783,0.05,0,0
712924383,0.27666666666666667,0,1
779118708,0.0,0,0
711422358,0.023333333333333334,0,0
717368208,0.6366666666666667,1,1
721190358,0.07333333333333333,0,0
718045008,0.7066666666666667,1,1
719776608,0.5833333333333334,1,0
717073308,0.02,0,0
826261008,0.97,1,1
711237633,0.87,1,1
717682233,0.0033333333333333335,0,0
710086308,0.0,0,0
715601808,0.12333333333333334,0,0
714011358,0.21,0,0
715132758,0.0033333333333333335,0,0
783121008,0.02,0,0
710159658,0.08666666666666667,0,0
767404083,0.99,1,1
789539058,0.07333333333333333,0,0
715732533,0.16333333333333333,0,1
710641008,0.7833333333333333,1,0
715808808,0.016666666666666666,0,0
708886533,0.013333333333333334,0,0
787563858,0.05333333333333334,0,0
719845908,0.04666666666666667,0,0
714862083,0.45,0,0
720863133,0.15,0,0
785119833,0.2633333333333333,0,0
718893333,0.056666666666666664,0,0
795155433,0.006666666666666667,0,0
715424283,0.39666666666666667,0,0
770746908,0.043333333333333335,0,0
789859833,0.0,0,0
807157833,0.043333333333333335,0,0
771201408,0.01,0,0
779612808,0.18666666666666668,0,0
794124708,0.29333333333333333,0,0
716864733,0.27666666666666667,0,0
713723433,0.07666666666666666,0,0
779353083,0.06666666666666667,0,0
770909433,0.0033333333333333335,0,0
809440008,0.9266666666666666,1,1
780199233,0.0033333333333333335,0,0
710201058,0.0033333333333333335,0,0
713000058,0.023333333333333334,0,0
717831783,0.2866666666666667,0,0
719291283,0.05,0,0
753795633,0.5166666666666667,1,1
717856983,0.05333333333333334,0,0
783910008,0.08,0,0
819690933,0.03,0,0
711221958,0.99,1,1
713177808,0.17,0,0
712710708,0.31666666666666665,0,0
708657033,0.0033333333333333335,0,0
718870158,0.18666666666666668,0,0
714505683,0.27666666666666667,0,0
708286683,0.0033333333333333335,0,0
718020408,0.07333333333333333,0,0
708974283,0.11,0,0
719153433,0.0,0,0
789983133,0.02,0,0
779070033,0.30333333333333334,0,0
788957358,0.01,0,0
827683383,0.013333333333333334,0,0
713131158,0.7366666666666667,1,1
789526458,0.03666666666666667,0,0
810545733,0.0,0,0
711294258,0.006666666666666667,0,0
787543008,0.05,0,0
769578108,0.043333333333333335,0,0
720494058,0.016666666666666666,0,0
711535158,0.96,1,1
717355533,0.0033333333333333335,0,0
712681608,0.006666666666666667,0,0
713096583,0.8233333333333334,1,1
715629783,0.02,0,0
713539833,0.26666666666666666,0,0
719294433,0.21333333333333335,0,0
778619358,0.0,0,0
720924633,0.09666666666666666,0,0
715153158,0.06333333333333334,0,0
771453033,0.03333333333333333,0,0
826451433,0.02666666666666667,0,0
809976033,0.02666666666666667,0,0
720411183,0.013333333333333334,0,0
715664808,0.8366666666666667,1,1
711670308,0.023333333333333334,0,0
710544033,0.01,0,0
717704433,0.01,0,0
789022233,0.01,0,0
716804283,0.043333333333333335,0,0
716924958,0.29,0,1
789105183,0.06,0,0
805453908,0.013333333333333334,0,0
712110333,0.73,1,1
738899658,0.8633333333333333,1,1
787595658,0.18666666666666668,0,0
779016408,0.08333333333333333,0,0
718038483,0.03333333333333333,0,0
778832883,0.0,0,0
718357458,0.09333333333333334,0,0
715710708,0.02666666666666667,0,0
710888883,0.01,0,0
717180633,0.03,0,0
713686008,0.03,0,0
714915633,0.69,1,1
713952558,0.92,1,1
719514783,0.27666666666666667,0,0
714943233,0.0033333333333333335,0,0
715398858,0.0033333333333333335,0,0
719694408,0.7666666666666667,1,1
719872833,0.023333333333333334,0,0
718661958,0.013333333333333334,0,0
713796033,0.8533333333333334,1,1
794576058,0.06,0,0
807161508,0.09666666666666666,0,0
805313808,0.9866666666666667,1,1
788259558,0.056666666666666664,0,0
708757233,0.0,0,0
716004258,0.0033333333333333335,0,0
804337233,0.20666666666666667,0,0
764496708,0.03,0,0
709363383,0.11,0,0
711809283,0.22333333333333333,0,0
712730583,0.023333333333333334,0,0
719445633,0.02666666666666667,0,0
717023508,0.0,0,0
713567958,0.0033333333333333335,0,0
720844008,0.0,0,0
753443583,0.043333333333333335,0,0
711349083,0.3333333333333333,0,0
710813733,0.6366666666666667,1,0
713128833,0.17333333333333334,0,0
738627708,0.9666666666666667,1,1
799700208,0.023333333333333334,0,0
789717708,0.02,0,0
719942883,0.20333333333333334,0,0
803335008,0.05333333333333334,0,0
713061558,0.05,0,0
717076458,0.03666666666666667,0,0
789212883,0.61,1,1
720673008,0.5566666666666666,1,0
788715483,0.0,0,0
721427358,0.4766666666666667,0,1
715371108,0.9233333333333333,1,1
794504658,0.006666666666666667,0,0
716315508,0.8266666666666667,1,1
708564858,0.7566666666666667,1,1
710854008,0.06666666666666667,0,0
709005633,0.5533333333333333,1,1
719242533,0.3566666666666667,0,0
719990358,0.0,0,0
716225433,0.26666666666666666,0,0
715932708,0.0033333333333333335,0,0
717513933,0.22,0,0
718490658,0.056666666666666664,0,0
802247658,0.71,1,1
713904708,0.006666666666666667,0,0
712157958,0.9633333333333334,1,1
718530258,0.016666666666666666,0,0
717965808,0.2966666666666667,0,0
709108533,0.03,0,0
752944533,0.0,0,0
709120008,0.3566666666666667,0,0
